date,location,new_cases,new_deaths
3/4/2020,Argentina,1,0
3/6/2020,Argentina,1,0
3/7/2020,Argentina,6,0
3/8/2020,Argentina,1,1
3/9/2020,Argentina,3,0
3/11/2020,Argentina,7,0
3/13/2020,Argentina,12,0
3/14/2020,Argentina,3,1
3/15/2020,Argentina,11,0
3/16/2020,Argentina,11,0
3/17/2020,Argentina,9,0
3/18/2020,Argentina,14,0
3/19/2020,Argentina,18,0
3/20/2020,Argentina,31,1
3/21/2020,Argentina,30,0
3/22/2020,Argentina,67,1
3/23/2020,Argentina,41,0
3/24/2020,Argentina,35,0
3/25/2020,Argentina,86,2
3/26/2020,Argentina,115,2
3/27/2020,Argentina,87,4
3/28/2020,Argentina,101,5
3/29/2020,Argentina,55,2
3/30/2020,Argentina,75,1
3/31/2020,Argentina,146,4
4/1/2020,Argentina,0,0
4/2/2020,Argentina,167,7
4/3/2020,Argentina,0,3
4/4/2020,Argentina,132,3
4/5/2020,Argentina,186,6
4/6/2020,Argentina,103,3
4/7/2020,Argentina,74,7
4/8/2020,Argentina,87,7
4/9/2020,Argentina,80,5
4/10/2020,Argentina,99,14
4/11/2020,Argentina,81,3
4/12/2020,Argentina,162,7
4/13/2020,Argentina,66,6
4/14/2020,Argentina,69,3
4/15/2020,Argentina,160,7
4/16/2020,Argentina,0,4
4/17/2020,Argentina,128,6
4/18/2020,Argentina,98,7
4/19/2020,Argentina,170,10
4/20/2020,Argentina,102,2
12/31/2019,Belgium,0,0
1/1/2020,Belgium,0,0
1/2/2020,Belgium,0,0
1/3/2020,Belgium,0,0
1/4/2020,Belgium,0,0
1/5/2020,Belgium,0,0
1/6/2020,Belgium,0,0
1/7/2020,Belgium,0,0
1/8/2020,Belgium,0,0
1/9/2020,Belgium,0,0
1/10/2020,Belgium,0,0
1/11/2020,Belgium,0,0
1/12/2020,Belgium,0,0
1/13/2020,Belgium,0,0
1/14/2020,Belgium,0,0
1/15/2020,Belgium,0,0
1/16/2020,Belgium,0,0
1/17/2020,Belgium,0,0
1/18/2020,Belgium,0,0
1/19/2020,Belgium,0,0
1/20/2020,Belgium,0,0
1/21/2020,Belgium,0,0
1/22/2020,Belgium,0,0
1/23/2020,Belgium,0,0
1/24/2020,Belgium,0,0
1/25/2020,Belgium,0,0
1/26/2020,Belgium,0,0
1/27/2020,Belgium,0,0
1/28/2020,Belgium,0,0
1/29/2020,Belgium,0,0
1/30/2020,Belgium,0,0
1/31/2020,Belgium,0,0
2/1/2020,Belgium,0,0
2/2/2020,Belgium,0,0
2/3/2020,Belgium,0,0
2/4/2020,Belgium,1,0
2/5/2020,Belgium,0,0
2/6/2020,Belgium,0,0
2/7/2020,Belgium,0,0
2/8/2020,Belgium,0,0
2/9/2020,Belgium,0,0
2/10/2020,Belgium,0,0
2/11/2020,Belgium,0,0
2/12/2020,Belgium,0,0
2/13/2020,Belgium,0,0
2/14/2020,Belgium,0,0
2/15/2020,Belgium,0,0
2/16/2020,Belgium,0,0
2/17/2020,Belgium,0,0
2/18/2020,Belgium,0,0
2/19/2020,Belgium,0,0
2/20/2020,Belgium,0,0
2/21/2020,Belgium,0,0
2/22/2020,Belgium,0,0
2/23/2020,Belgium,0,0
2/24/2020,Belgium,0,0
2/25/2020,Belgium,0,0
2/26/2020,Belgium,0,0
2/27/2020,Belgium,0,0
2/28/2020,Belgium,0,0
2/29/2020,Belgium,0,0
3/1/2020,Belgium,0,0
3/2/2020,Belgium,1,0
3/3/2020,Belgium,6,0
3/4/2020,Belgium,5,0
3/5/2020,Belgium,10,0
3/6/2020,Belgium,27,0
3/7/2020,Belgium,59,0
3/8/2020,Belgium,60,0
3/9/2020,Belgium,31,0
3/10/2020,Belgium,39,0
3/11/2020,Belgium,28,0
3/12/2020,Belgium,47,3
3/13/2020,Belgium,85,0
3/14/2020,Belgium,160,0
3/15/2020,Belgium,130,1
3/16/2020,Belgium,197,0
3/17/2020,Belgium,199,1
3/18/2020,Belgium,158,0
3/19/2020,Belgium,243,9
3/20/2020,Belgium,309,7
3/21/2020,Belgium,462,16
3/22/2020,Belgium,558,30
3/23/2020,Belgium,586,8
3/24/2020,Belgium,342,13
3/25/2020,Belgium,526,34
3/26/2020,Belgium,668,56
3/27/2020,Belgium,1298,42
3/28/2020,Belgium,1049,69
3/29/2020,Belgium,1850,64
3/30/2020,Belgium,1702,78
3/31/2020,Belgium,1063,82
4/1/2020,Belgium,876,192
4/2/2020,Belgium,1189,123
4/3/2020,Belgium,1384,183
4/4/2020,Belgium,1422,132
4/5/2020,Belgium,1661,140
4/6/2020,Belgium,1260,164
4/7/2020,Belgium,1123,185
4/8/2020,Belgium,1380,403
4/9/2020,Belgium,1209,205
4/10/2020,Belgium,1580,283
4/11/2020,Belgium,1684,496
4/12/2020,Belgium,1351,327
4/13/2020,Belgium,1629,254
4/14/2020,Belgium,942,303
4/15/2020,Belgium,530,254
4/16/2020,Belgium,2454,283
4/17/2020,Belgium,1236,417
4/18/2020,Belgium,1329,306
4/19/2020,Belgium,1045,290
4/20/2020,Belgium,1313,230
12/31/2019,Brazil,0,0
1/1/2020,Brazil,0,0
1/2/2020,Brazil,0,0
1/3/2020,Brazil,0,0
1/4/2020,Brazil,0,0
1/5/2020,Brazil,0,0
1/6/2020,Brazil,0,0
1/7/2020,Brazil,0,0
1/8/2020,Brazil,0,0
1/9/2020,Brazil,0,0
1/10/2020,Brazil,0,0
1/11/2020,Brazil,0,0
1/12/2020,Brazil,0,0
1/13/2020,Brazil,0,0
1/14/2020,Brazil,0,0
1/15/2020,Brazil,0,0
1/16/2020,Brazil,0,0
1/17/2020,Brazil,0,0
1/18/2020,Brazil,0,0
1/19/2020,Brazil,0,0
1/20/2020,Brazil,0,0
1/21/2020,Brazil,0,0
1/22/2020,Brazil,0,0
1/23/2020,Brazil,0,0
1/24/2020,Brazil,0,0
1/25/2020,Brazil,0,0
1/26/2020,Brazil,0,0
1/27/2020,Brazil,0,0
1/28/2020,Brazil,0,0
1/29/2020,Brazil,0,0
1/30/2020,Brazil,0,0
1/31/2020,Brazil,0,0
2/1/2020,Brazil,0,0
2/2/2020,Brazil,0,0
2/3/2020,Brazil,0,0
2/4/2020,Brazil,0,0
2/5/2020,Brazil,0,0
2/6/2020,Brazil,0,0
2/7/2020,Brazil,0,0
2/8/2020,Brazil,0,0
2/9/2020,Brazil,0,0
2/10/2020,Brazil,0,0
2/11/2020,Brazil,0,0
2/12/2020,Brazil,0,0
2/13/2020,Brazil,0,0
2/14/2020,Brazil,0,0
2/15/2020,Brazil,0,0
2/16/2020,Brazil,0,0
2/17/2020,Brazil,0,0
2/18/2020,Brazil,0,0
2/19/2020,Brazil,0,0
2/20/2020,Brazil,0,0
2/21/2020,Brazil,0,0
2/22/2020,Brazil,0,0
2/23/2020,Brazil,0,0
2/24/2020,Brazil,0,0
2/25/2020,Brazil,0,0
2/26/2020,Brazil,1,0
2/27/2020,Brazil,0,0
2/28/2020,Brazil,0,0
2/29/2020,Brazil,0,0
3/1/2020,Brazil,1,0
3/2/2020,Brazil,0,0
3/3/2020,Brazil,0,0
3/4/2020,Brazil,0,0
3/5/2020,Brazil,1,0
3/6/2020,Brazil,5,0
3/7/2020,Brazil,5,0
3/8/2020,Brazil,0,0
3/9/2020,Brazil,12,0
3/10/2020,Brazil,0,0
3/11/2020,Brazil,9,0
3/12/2020,Brazil,18,0
3/13/2020,Brazil,25,0
3/14/2020,Brazil,21,0
3/15/2020,Brazil,23,0
3/16/2020,Brazil,79,0
3/17/2020,Brazil,34,0
3/18/2020,Brazil,57,1
3/19/2020,Brazil,137,3
3/20/2020,Brazil,193,2
3/21/2020,Brazil,283,5
3/22/2020,Brazil,224,7
3/23/2020,Brazil,418,7
3/24/2020,Brazil,345,9
3/25/2020,Brazil,310,12
3/26/2020,Brazil,232,11
3/27/2020,Brazil,482,20
3/28/2020,Brazil,502,15
3/29/2020,Brazil,487,22
3/30/2020,Brazil,352,22
3/31/2020,Brazil,323,23
4/1/2020,Brazil,1138,42
4/2/2020,Brazil,1119,40
4/3/2020,Brazil,1074,58
4/4/2020,Brazil,1146,60
4/5/2020,Brazil,1222,73
4/6/2020,Brazil,852,54
4/7/2020,Brazil,926,67
4/8/2020,Brazil,1661,114
4/9/2020,Brazil,2210,133
4/10/2020,Brazil,1930,141
4/11/2020,Brazil,1781,115
4/12/2020,Brazil,1089,68
4/13/2020,Brazil,1442,99
4/14/2020,Brazil,1261,105
4/15/2020,Brazil,1832,204
4/16/2020,Brazil,3058,204
4/17/2020,Brazil,2105,188
4/18/2020,Brazil,3257,217
4/19/2020,Brazil,2917,206
4/20/2020,Brazil,2055,115
12/31/2019,Canada,0,0
1/1/2020,Canada,0,0
1/2/2020,Canada,0,0
1/3/2020,Canada,0,0
1/4/2020,Canada,0,0
1/5/2020,Canada,0,0
1/6/2020,Canada,0,0
1/7/2020,Canada,0,0
1/8/2020,Canada,0,0
1/9/2020,Canada,0,0
1/10/2020,Canada,0,0
1/11/2020,Canada,0,0
1/12/2020,Canada,0,0
1/13/2020,Canada,0,0
1/14/2020,Canada,0,0
1/15/2020,Canada,0,0
1/16/2020,Canada,0,0
1/17/2020,Canada,0,0
1/18/2020,Canada,0,0
1/19/2020,Canada,0,0
1/20/2020,Canada,0,0
1/21/2020,Canada,0,0
1/22/2020,Canada,0,0
1/23/2020,Canada,0,0
1/24/2020,Canada,0,0
1/25/2020,Canada,0,0
1/26/2020,Canada,1,0
1/27/2020,Canada,0,0
1/28/2020,Canada,1,0
1/29/2020,Canada,1,0
1/30/2020,Canada,0,0
1/31/2020,Canada,0,0
2/1/2020,Canada,1,0
2/2/2020,Canada,0,0
2/3/2020,Canada,0,0
2/4/2020,Canada,0,0
2/5/2020,Canada,1,0
2/6/2020,Canada,0,0
2/7/2020,Canada,2,0
2/8/2020,Canada,0,0
2/9/2020,Canada,0,0
2/10/2020,Canada,0,0
2/11/2020,Canada,0,0
2/12/2020,Canada,0,0
2/13/2020,Canada,0,0
2/14/2020,Canada,0,0
2/15/2020,Canada,1,0
2/16/2020,Canada,0,0
2/17/2020,Canada,0,0
2/18/2020,Canada,0,0
2/19/2020,Canada,0,0
2/20/2020,Canada,0,0
2/21/2020,Canada,1,0
2/22/2020,Canada,0,0
2/23/2020,Canada,0,0
2/24/2020,Canada,0,0
2/25/2020,Canada,2,0
2/26/2020,Canada,0,0
2/27/2020,Canada,1,0
2/28/2020,Canada,2,0
2/29/2020,Canada,2,0
3/1/2020,Canada,4,0
3/2/2020,Canada,4,0
3/3/2020,Canada,3,0
3/4/2020,Canada,3,0
3/5/2020,Canada,3,0
3/6/2020,Canada,12,0
3/7/2020,Canada,6,0
3/8/2020,Canada,6,0
3/9/2020,Canada,5,0
3/10/2020,Canada,15,1
3/11/2020,Canada,16,0
3/12/2020,Canada,10,0
3/13/2020,Canada,35,0
3/14/2020,Canada,38,0
3/15/2020,Canada,68,0
3/16/2020,Canada,60,0
3/17/2020,Canada,120,3
3/18/2020,Canada,145,4
3/19/2020,Canada,121,1
3/20/2020,Canada,156,1
3/21/2020,Canada,125,2
3/22/2020,Canada,331,6
3/23/2020,Canada,128,2
3/24/2020,Canada,216,4
3/25/2020,Canada,313,3
3/26/2020,Canada,1426,8
3/27/2020,Canada,633,4
3/28/2020,Canada,657,14
3/29/2020,Canada,711,7
3/30/2020,Canada,869,1
3/31/2020,Canada,1169,28
4/1/2020,Canada,1112,7
4/2/2020,Canada,1059,13
4/3/2020,Canada,1673,29
4/4/2020,Canada,1251,49
4/5/2020,Canada,1363,44
4/6/2020,Canada,1614,49
4/7/2020,Canada,1157,43
4/8/2020,Canada,1230,57
4/9/2020,Canada,1391,55
4/10/2020,Canada,1474,74
4/11/2020,Canada,1385,60
4/12/2020,Canada,1168,84
4/13/2020,Canada,1064,64
4/14/2020,Canada,1298,63
4/15/2020,Canada,1383,123
4/16/2020,Canada,1318,107
4/17/2020,Canada,1717,183
4/18/2020,Canada,1791,116
4/19/2020,Canada,1469,158
4/20/2020,Canada,1436,113
12/31/2019,China,27,0
1/1/2020,China,0,0
1/2/2020,China,0,0
1/3/2020,China,17,0
1/4/2020,China,0,0
1/5/2020,China,15,0
1/6/2020,China,0,0
1/7/2020,China,0,0
1/8/2020,China,0,0
1/9/2020,China,0,0
1/10/2020,China,0,0
1/11/2020,China,0,1
1/12/2020,China,0,0
1/13/2020,China,0,0
1/14/2020,China,0,0
1/15/2020,China,0,1
1/16/2020,China,0,0
1/17/2020,China,4,0
1/18/2020,China,17,0
1/19/2020,China,136,1
1/20/2020,China,19,0
1/21/2020,China,151,3
1/22/2020,China,140,11
1/23/2020,China,97,0
1/24/2020,China,259,9
1/25/2020,China,441,15
1/26/2020,China,665,15
1/27/2020,China,787,25
1/28/2020,China,1753,25
1/29/2020,China,1466,26
1/30/2020,China,1740,38
1/31/2020,China,1980,43
2/1/2020,China,2095,46
2/2/2020,China,2590,45
2/3/2020,China,2812,57
2/4/2020,China,3237,65
2/5/2020,China,3872,66
2/6/2020,China,3727,72
2/7/2020,China,3160,73
2/8/2020,China,3418,86
2/9/2020,China,2607,89
2/10/2020,China,2974,97
2/11/2020,China,2490,108
2/12/2020,China,2028,97
2/13/2020,China,15141,254
2/14/2020,China,4156,13
2/15/2020,China,2538,143
2/16/2020,China,2007,142
2/17/2020,China,2052,105
2/18/2020,China,1890,98
2/19/2020,China,1750,139
2/20/2020,China,394,112
2/21/2020,China,891,118
2/22/2020,China,826,109
2/23/2020,China,647,98
2/24/2020,China,218,150
2/25/2020,China,515,70
2/26/2020,China,410,52
2/27/2020,China,439,29
2/28/2020,China,329,44
2/29/2020,China,428,47
3/1/2020,China,574,35
3/2/2020,China,205,42
3/3/2020,China,127,32
3/4/2020,China,119,37
3/5/2020,China,117,31
3/6/2020,China,170,30
3/7/2020,China,101,28
3/8/2020,China,46,27
3/9/2020,China,45,23
3/10/2020,China,20,17
3/11/2020,China,29,22
3/12/2020,China,24,11
3/13/2020,China,22,7
3/14/2020,China,19,15
3/15/2020,China,22,9
3/16/2020,China,25,13
3/17/2020,China,43,9
3/18/2020,China,23,16
3/19/2020,China,44,8
3/20/2020,China,99,4
3/21/2020,China,52,6
3/22/2020,China,65,6
3/23/2020,China,138,9
3/24/2020,China,69,7
3/25/2020,China,78,4
3/26/2020,China,102,6
3/27/2020,China,94,5
3/28/2020,China,119,3
3/29/2020,China,113,5
3/30/2020,China,98,2
3/31/2020,China,84,3
4/1/2020,China,54,1
4/2/2020,China,100,6
4/3/2020,China,70,10
4/4/2020,China,62,4
4/5/2020,China,48,3
4/6/2020,China,67,2
4/7/2020,China,56,0
4/8/2020,China,86,2
4/9/2020,China,86,2
4/10/2020,China,55,1
4/11/2020,China,79,3
4/12/2020,China,93,0
4/13/2020,China,112,2
4/14/2020,China,94,0
4/15/2020,China,49,1
4/16/2020,China,50,0
4/17/2020,China,352,1290
4/18/2020,China,31,0
4/19/2020,China,18,0
4/20/2020,China,14,0
12/31/2019,France,0,0
1/1/2020,France,0,0
1/2/2020,France,0,0
1/3/2020,France,0,0
1/4/2020,France,0,0
1/5/2020,France,0,0
1/6/2020,France,0,0
1/7/2020,France,0,0
1/8/2020,France,0,0
1/9/2020,France,0,0
1/10/2020,France,0,0
1/11/2020,France,0,0
1/12/2020,France,0,0
1/13/2020,France,0,0
1/14/2020,France,0,0
1/15/2020,France,0,0
1/16/2020,France,0,0
1/17/2020,France,0,0
1/18/2020,France,0,0
1/19/2020,France,0,0
1/20/2020,France,0,0
1/21/2020,France,0,0
1/22/2020,France,0,0
1/23/2020,France,0,0
1/24/2020,France,0,0
1/25/2020,France,3,0
1/26/2020,France,0,0
1/27/2020,France,0,0
1/28/2020,France,0,0
1/29/2020,France,1,0
1/30/2020,France,1,0
1/31/2020,France,1,0
2/1/2020,France,0,0
2/2/2020,France,0,0
2/3/2020,France,0,0
2/4/2020,France,0,0
2/5/2020,France,0,0
2/6/2020,France,0,0
2/7/2020,France,0,0
2/8/2020,France,5,0
2/9/2020,France,0,0
2/10/2020,France,0,0
2/11/2020,France,0,0
2/12/2020,France,0,0
2/13/2020,France,0,0
2/14/2020,France,0,0
2/15/2020,France,0,1
2/16/2020,France,0,0
2/17/2020,France,1,0
2/18/2020,France,0,0
2/19/2020,France,0,0
2/20/2020,France,0,0
2/21/2020,France,0,0
2/22/2020,France,0,0
2/23/2020,France,0,0
2/24/2020,France,0,0
2/25/2020,France,0,0
2/26/2020,France,2,0
2/27/2020,France,3,1
2/28/2020,France,21,0
2/29/2020,France,19,0
3/1/2020,France,43,0
3/2/2020,France,30,0
3/3/2020,France,48,1
3/4/2020,France,34,1
3/5/2020,France,73,0
3/6/2020,France,138,3
3/7/2020,France,190,2
3/8/2020,France,103,1
3/9/2020,France,410,9
3/10/2020,France,286,11
3/11/2020,France,372,3
3/12/2020,France,497,15
3/13/2020,France,595,13
3/14/2020,France,785,18
3/15/2020,France,838,12
3/16/2020,France,924,36
3/17/2020,France,1210,21
3/18/2020,France,1097,27
3/19/2020,France,1404,69
3/20/2020,France,1861,128
3/21/2020,France,1617,78
3/22/2020,France,1847,112
3/23/2020,France,1559,112
3/24/2020,France,3838,186
3/25/2020,France,2446,240
3/26/2020,France,2931,231
3/27/2020,France,3922,365
3/28/2020,France,3809,299
3/29/2020,France,4611,319
3/30/2020,France,2599,292
3/31/2020,France,4376,418
4/1/2020,France,7578,499
4/2/2020,France,4861,509
4/3/2020,France,2116,471
4/4/2020,France,5233,2004
4/5/2020,France,4267,1053
4/6/2020,France,1873,518
4/7/2020,France,3912,833
4/8/2020,France,3777,1417
4/9/2020,France,3881,541
4/10/2020,France,4286,1341
4/11/2020,France,4342,987
4/12/2020,France,3114,635
4/13/2020,France,1613,561
4/14/2020,France,2673,574
4/15/2020,France,5497,762
4/16/2020,France,2633,1438
4/17/2020,France,2641,753
4/18/2020,France,405,761
4/19/2020,France,2569,642
4/20/2020,France,785,395
12/31/2019,Germany,0,0
1/1/2020,Germany,0,0
1/2/2020,Germany,0,0
1/3/2020,Germany,0,0
1/4/2020,Germany,0,0
1/5/2020,Germany,0,0
1/6/2020,Germany,0,0
1/7/2020,Germany,0,0
1/8/2020,Germany,0,0
1/9/2020,Germany,0,0
1/10/2020,Germany,0,0
1/11/2020,Germany,0,0
1/12/2020,Germany,0,0
1/13/2020,Germany,0,0
1/14/2020,Germany,0,0
1/15/2020,Germany,0,0
1/16/2020,Germany,0,0
1/17/2020,Germany,0,0
1/18/2020,Germany,0,0
1/19/2020,Germany,0,0
1/20/2020,Germany,0,0
1/21/2020,Germany,0,0
1/22/2020,Germany,0,0
1/23/2020,Germany,0,0
1/24/2020,Germany,0,0
1/25/2020,Germany,0,0
1/26/2020,Germany,0,0
1/27/2020,Germany,0,0
1/28/2020,Germany,1,0
1/29/2020,Germany,3,0
1/30/2020,Germany,0,0
1/31/2020,Germany,1,0
2/1/2020,Germany,2,0
2/2/2020,Germany,1,0
2/3/2020,Germany,1,0
2/4/2020,Germany,2,0
2/5/2020,Germany,0,0
2/6/2020,Germany,0,0
2/7/2020,Germany,1,0
2/8/2020,Germany,1,0
2/9/2020,Germany,0,0
2/10/2020,Germany,0,0
2/11/2020,Germany,0,0
2/12/2020,Germany,2,0
2/13/2020,Germany,0,0
2/14/2020,Germany,0,0
2/15/2020,Germany,0,0
2/16/2020,Germany,0,0
2/17/2020,Germany,0,0
2/18/2020,Germany,0,0
2/19/2020,Germany,0,0
2/20/2020,Germany,0,0
2/21/2020,Germany,0,0
2/22/2020,Germany,0,0
2/23/2020,Germany,0,0
2/24/2020,Germany,0,0
2/25/2020,Germany,0,0
2/26/2020,Germany,2,0
2/27/2020,Germany,4,0
2/28/2020,Germany,26,0
2/29/2020,Germany,10,0
3/1/2020,Germany,54,0
3/2/2020,Germany,18,0
3/3/2020,Germany,28,0
3/4/2020,Germany,39,0
3/5/2020,Germany,66,0
3/6/2020,Germany,138,0
3/7/2020,Germany,284,0
3/8/2020,Germany,163,0
3/9/2020,Germany,55,0
3/10/2020,Germany,237,2
3/11/2020,Germany,157,0
3/12/2020,Germany,271,1
3/13/2020,Germany,802,2
3/14/2020,Germany,693,0
3/15/2020,Germany,733,3
3/16/2020,Germany,1043,4
3/17/2020,Germany,1174,1
3/18/2020,Germany,1144,0
3/19/2020,Germany,1042,0
3/20/2020,Germany,5940,30
3/21/2020,Germany,4049,2
3/22/2020,Germany,3276,22
3/23/2020,Germany,3311,27
3/24/2020,Germany,4438,32
3/25/2020,Germany,2342,23
3/26/2020,Germany,4954,49
3/27/2020,Germany,5780,55
3/28/2020,Germany,6294,72
3/29/2020,Germany,3965,64
3/30/2020,Germany,4751,66
3/31/2020,Germany,4615,128
4/1/2020,Germany,5453,149
4/2/2020,Germany,6156,140
4/3/2020,Germany,6174,145
4/4/2020,Germany,6082,141
4/5/2020,Germany,5936,184
4/6/2020,Germany,3677,92
4/7/2020,Germany,3834,173
4/8/2020,Germany,4003,254
4/9/2020,Germany,4974,246
4/10/2020,Germany,5323,266
4/11/2020,Germany,4133,171
4/12/2020,Germany,2821,129
4/13/2020,Germany,2537,126
4/14/2020,Germany,2082,170
4/15/2020,Germany,2486,285
4/16/2020,Germany,2866,315
4/17/2020,Germany,3380,299
4/18/2020,Germany,3609,242
4/19/2020,Germany,2458,184
4/20/2020,Germany,1775,110
3/5/2020,Hungary,2,0
3/7/2020,Hungary,2,0
3/8/2020,Hungary,3,0
3/9/2020,Hungary,1,0
3/10/2020,Hungary,1,0
3/11/2020,Hungary,3,0
3/12/2020,Hungary,1,0
3/13/2020,Hungary,3,0
3/14/2020,Hungary,9,0
3/15/2020,Hungary,6,0
3/16/2020,Hungary,8,1
3/17/2020,Hungary,11,0
3/18/2020,Hungary,0,0
3/19/2020,Hungary,23,0
3/20/2020,Hungary,12,0
3/21/2020,Hungary,18,3
3/22/2020,Hungary,28,0
3/23/2020,Hungary,36,3
3/24/2020,Hungary,20,1
3/25/2020,Hungary,39,2
3/26/2020,Hungary,35,0
3/27/2020,Hungary,39,0
3/28/2020,Hungary,43,1
3/29/2020,Hungary,65,2
3/30/2020,Hungary,39,2
3/31/2020,Hungary,45,1
4/1/2020,Hungary,33,4
4/2/2020,Hungary,60,1
4/3/2020,Hungary,38,5
4/4/2020,Hungary,55,6
4/5/2020,Hungary,55,2
4/6/2020,Hungary,11,4
4/7/2020,Hungary,73,9
4/8/2020,Hungary,78,11
4/9/2020,Hungary,85,8
4/10/2020,Hungary,210,11
4/11/2020,Hungary,120,8
4/12/2020,Hungary,100,14
4/13/2020,Hungary,48,10
4/14/2020,Hungary,54,13
4/15/2020,Hungary,67,12
4/16/2020,Hungary,73,8
4/17/2020,Hungary,111,14
4/18/2020,Hungary,71,16
4/19/2020,Hungary,82,17
4/20/2020,Hungary,68,10
12/31/2019,India,0,0
1/1/2020,India,0,0
1/2/2020,India,0,0
1/3/2020,India,0,0
1/4/2020,India,0,0
1/5/2020,India,0,0
1/6/2020,India,0,0
1/7/2020,India,0,0
1/8/2020,India,0,0
1/9/2020,India,0,0
1/10/2020,India,0,0
1/11/2020,India,0,0
1/12/2020,India,0,0
1/13/2020,India,0,0
1/14/2020,India,0,0
1/15/2020,India,0,0
1/16/2020,India,0,0
1/17/2020,India,0,0
1/18/2020,India,0,0
1/19/2020,India,0,0
1/20/2020,India,0,0
1/21/2020,India,0,0
1/22/2020,India,0,0
1/23/2020,India,0,0
1/24/2020,India,0,0
1/25/2020,India,0,0
1/26/2020,India,0,0
1/27/2020,India,0,0
1/28/2020,India,0,0
1/29/2020,India,0,0
1/30/2020,India,1,0
1/31/2020,India,0,0
2/1/2020,India,0,0
2/2/2020,India,1,0
2/3/2020,India,0,0
2/4/2020,India,1,0
2/5/2020,India,0,0
2/6/2020,India,0,0
2/7/2020,India,0,0
2/8/2020,India,0,0
2/9/2020,India,0,0
2/10/2020,India,0,0
2/11/2020,India,0,0
2/12/2020,India,0,0
2/13/2020,India,0,0
2/14/2020,India,0,0
2/15/2020,India,0,0
2/16/2020,India,0,0
2/17/2020,India,0,0
2/18/2020,India,0,0
2/19/2020,India,0,0
2/20/2020,India,0,0
2/21/2020,India,0,0
2/22/2020,India,0,0
2/23/2020,India,0,0
2/24/2020,India,0,0
2/25/2020,India,0,0
2/26/2020,India,0,0
2/27/2020,India,0,0
2/28/2020,India,0,0
2/29/2020,India,0,0
3/1/2020,India,0,0
3/2/2020,India,0,0
3/3/2020,India,2,0
3/4/2020,India,1,0
3/5/2020,India,22,0
3/6/2020,India,1,0
3/7/2020,India,2,0
3/8/2020,India,3,0
3/10/2020,India,10,0
3/11/2020,India,6,0
3/12/2020,India,23,0
3/13/2020,India,2,1
3/14/2020,India,8,1
3/15/2020,India,7,0
3/16/2020,India,3,0
3/17/2020,India,32,1
3/18/2020,India,12,0
3/19/2020,India,28,0
3/20/2020,India,26,1
3/21/2020,India,40,0
3/22/2020,India,89,0
3/23/2020,India,119,3
3/24/2020,India,53,2
3/25/2020,India,70,0
3/26/2020,India,87,4
3/27/2020,India,75,4
3/28/2020,India,149,2
3/29/2020,India,106,6
3/30/2020,India,92,4
3/31/2020,India,180,3
4/1/2020,India,146,3
4/2/2020,India,568,15
4/3/2020,India,336,6
4/4/2020,India,601,12
4/5/2020,India,472,9
4/6/2020,India,693,32
4/7/2020,India,354,5
4/8/2020,India,773,35
4/9/2020,India,540,17
4/10/2020,India,678,33
4/11/2020,India,1035,40
4/12/2020,India,909,34
4/13/2020,India,796,35
4/14/2020,India,1211,31
4/15/2020,India,1075,38
4/16/2020,India,942,37
4/17/2020,India,1007,23
4/18/2020,India,991,43
4/19/2020,India,1334,27
4/20/2020,India,1553,36
12/31/2019,Indonesia,0,0
1/1/2020,Indonesia,0,0
1/2/2020,Indonesia,0,0
1/3/2020,Indonesia,0,0
1/4/2020,Indonesia,0,0
1/5/2020,Indonesia,0,0
1/6/2020,Indonesia,0,0
1/7/2020,Indonesia,0,0
1/8/2020,Indonesia,0,0
1/9/2020,Indonesia,0,0
1/10/2020,Indonesia,0,0
1/11/2020,Indonesia,0,0
1/12/2020,Indonesia,0,0
1/13/2020,Indonesia,0,0
1/14/2020,Indonesia,0,0
1/15/2020,Indonesia,0,0
1/16/2020,Indonesia,0,0
1/17/2020,Indonesia,0,0
1/18/2020,Indonesia,0,0
1/19/2020,Indonesia,0,0
1/20/2020,Indonesia,0,0
1/21/2020,Indonesia,0,0
1/22/2020,Indonesia,0,0
1/23/2020,Indonesia,0,0
1/24/2020,Indonesia,0,0
1/25/2020,Indonesia,0,0
1/26/2020,Indonesia,0,0
1/27/2020,Indonesia,0,0
1/28/2020,Indonesia,0,0
1/29/2020,Indonesia,0,0
1/30/2020,Indonesia,0,0
1/31/2020,Indonesia,0,0
2/1/2020,Indonesia,0,0
2/2/2020,Indonesia,0,0
2/3/2020,Indonesia,0,0
2/4/2020,Indonesia,0,0
2/5/2020,Indonesia,0,0
2/6/2020,Indonesia,0,0
2/7/2020,Indonesia,0,0
2/8/2020,Indonesia,0,0
2/9/2020,Indonesia,0,0
2/10/2020,Indonesia,0,0
2/11/2020,Indonesia,0,0
2/12/2020,Indonesia,0,0
2/13/2020,Indonesia,0,0
2/14/2020,Indonesia,0,0
2/15/2020,Indonesia,0,0
2/16/2020,Indonesia,0,0
2/17/2020,Indonesia,0,0
2/18/2020,Indonesia,0,0
2/19/2020,Indonesia,0,0
2/20/2020,Indonesia,0,0
2/21/2020,Indonesia,0,0
2/22/2020,Indonesia,0,0
2/23/2020,Indonesia,0,0
2/24/2020,Indonesia,0,0
2/25/2020,Indonesia,0,0
2/26/2020,Indonesia,0,0
2/27/2020,Indonesia,0,0
2/28/2020,Indonesia,0,0
2/29/2020,Indonesia,0,0
3/1/2020,Indonesia,0,0
3/2/2020,Indonesia,2,0
3/7/2020,Indonesia,2,0
3/9/2020,Indonesia,2,0
3/11/2020,Indonesia,13,0
3/12/2020,Indonesia,15,1
3/14/2020,Indonesia,35,3
3/15/2020,Indonesia,27,0
3/16/2020,Indonesia,21,1
3/17/2020,Indonesia,17,0
3/18/2020,Indonesia,38,0
3/19/2020,Indonesia,0,0
3/20/2020,Indonesia,55,14
3/21/2020,Indonesia,82,6
3/22/2020,Indonesia,141,13
3/23/2020,Indonesia,64,10
3/24/2020,Indonesia,65,1
3/25/2020,Indonesia,107,6
3/26/2020,Indonesia,104,3
3/27/2020,Indonesia,103,20
3/28/2020,Indonesia,153,9
3/29/2020,Indonesia,109,15
3/30/2020,Indonesia,130,12
3/31/2020,Indonesia,129,8
4/1/2020,Indonesia,114,14
4/2/2020,Indonesia,149,21
4/3/2020,Indonesia,113,13
4/4/2020,Indonesia,196,11
4/5/2020,Indonesia,106,10
4/6/2020,Indonesia,181,7
4/7/2020,Indonesia,218,11
4/8/2020,Indonesia,247,12
4/9/2020,Indonesia,218,19
4/10/2020,Indonesia,337,40
4/11/2020,Indonesia,219,26
4/12/2020,Indonesia,330,21
4/13/2020,Indonesia,399,46
4/14/2020,Indonesia,316,26
4/15/2020,Indonesia,282,60
4/16/2020,Indonesia,297,10
4/17/2020,Indonesia,380,27
4/18/2020,Indonesia,407,24
4/19/2020,Indonesia,325,15
4/20/2020,Indonesia,327,47
12/31/2019,Italy,0,0
1/1/2020,Italy,0,0
1/2/2020,Italy,0,0
1/3/2020,Italy,0,0
1/4/2020,Italy,0,0
1/5/2020,Italy,0,0
1/6/2020,Italy,0,0
1/7/2020,Italy,0,0
1/8/2020,Italy,0,0
1/9/2020,Italy,0,0
1/10/2020,Italy,0,0
1/11/2020,Italy,0,0
1/12/2020,Italy,0,0
1/13/2020,Italy,0,0
1/14/2020,Italy,0,0
1/15/2020,Italy,0,0
1/16/2020,Italy,0,0
1/17/2020,Italy,0,0
1/18/2020,Italy,0,0
1/19/2020,Italy,0,0
1/20/2020,Italy,0,0
1/21/2020,Italy,0,0
1/22/2020,Italy,0,0
1/23/2020,Italy,0,0
1/24/2020,Italy,0,0
1/25/2020,Italy,0,0
1/26/2020,Italy,0,0
1/27/2020,Italy,0,0
1/28/2020,Italy,0,0
1/29/2020,Italy,0,0
1/30/2020,Italy,0,0
1/31/2020,Italy,3,0
2/1/2020,Italy,0,0
2/2/2020,Italy,0,0
2/3/2020,Italy,0,0
2/4/2020,Italy,0,0
2/5/2020,Italy,0,0
2/6/2020,Italy,0,0
2/7/2020,Italy,0,0
2/8/2020,Italy,0,0
2/9/2020,Italy,0,0
2/10/2020,Italy,0,0
2/11/2020,Italy,0,0
2/12/2020,Italy,0,0
2/13/2020,Italy,0,0
2/14/2020,Italy,0,0
2/15/2020,Italy,0,0
2/16/2020,Italy,0,0
2/17/2020,Italy,0,0
2/18/2020,Italy,0,0
2/19/2020,Italy,0,0
2/20/2020,Italy,0,0
2/21/2020,Italy,0,0
2/22/2020,Italy,14,0
2/23/2020,Italy,62,2
2/24/2020,Italy,53,0
2/25/2020,Italy,97,4
2/26/2020,Italy,93,5
2/27/2020,Italy,78,1
2/28/2020,Italy,250,5
2/29/2020,Italy,238,4
3/1/2020,Italy,240,8
3/2/2020,Italy,561,6
3/3/2020,Italy,347,17
3/4/2020,Italy,466,28
3/5/2020,Italy,587,27
3/6/2020,Italy,769,41
3/7/2020,Italy,778,49
3/8/2020,Italy,1247,36
3/9/2020,Italy,1492,133
3/10/2020,Italy,1797,98
3/11/2020,Italy,977,167
3/12/2020,Italy,2313,196
3/13/2020,Italy,2651,189
3/14/2020,Italy,2547,252
3/15/2020,Italy,3497,173
3/16/2020,Italy,2823,370
3/17/2020,Italy,4000,347
3/18/2020,Italy,3526,347
3/19/2020,Italy,4207,473
3/20/2020,Italy,5322,429
3/21/2020,Italy,5986,625
3/22/2020,Italy,6557,795
3/23/2020,Italy,5560,649
3/24/2020,Italy,4789,601
3/25/2020,Italy,5249,743
3/26/2020,Italy,5210,685
3/27/2020,Italy,6153,660
3/28/2020,Italy,5959,971
3/29/2020,Italy,5974,887
3/30/2020,Italy,5217,758
3/31/2020,Italy,4050,810
4/1/2020,Italy,4053,839
4/2/2020,Italy,4782,727
4/3/2020,Italy,4668,760
4/4/2020,Italy,4585,764
4/5/2020,Italy,4805,681
4/6/2020,Italy,4316,527
4/7/2020,Italy,3599,636
4/8/2020,Italy,3039,604
4/9/2020,Italy,3836,540
4/10/2020,Italy,4204,612
4/11/2020,Italy,3951,570
4/12/2020,Italy,4694,619
4/13/2020,Italy,4092,431
4/14/2020,Italy,3153,564
4/15/2020,Italy,2972,604
4/16/2020,Italy,2667,578
4/17/2020,Italy,3786,525
4/18/2020,Italy,3493,575
4/19/2020,Italy,3491,480
4/20/2020,Italy,3047,433
12/31/2019,Japan,0,0
1/1/2020,Japan,0,0
1/2/2020,Japan,0,0
1/3/2020,Japan,0,0
1/4/2020,Japan,0,0
1/5/2020,Japan,0,0
1/6/2020,Japan,0,0
1/7/2020,Japan,0,0
1/8/2020,Japan,0,0
1/9/2020,Japan,0,0
1/10/2020,Japan,0,0
1/11/2020,Japan,0,0
1/12/2020,Japan,0,0
1/13/2020,Japan,0,0
1/14/2020,Japan,0,0
1/15/2020,Japan,1,0
1/16/2020,Japan,0,0
1/17/2020,Japan,0,0
1/18/2020,Japan,0,0
1/19/2020,Japan,0,0
1/20/2020,Japan,0,0
1/21/2020,Japan,0,0
1/22/2020,Japan,0,0
1/23/2020,Japan,0,0
1/24/2020,Japan,1,0
1/25/2020,Japan,0,0
1/26/2020,Japan,1,0
1/27/2020,Japan,0,0
1/28/2020,Japan,1,0
1/29/2020,Japan,3,0
1/30/2020,Japan,4,0
1/31/2020,Japan,3,0
2/1/2020,Japan,1,0
2/2/2020,Japan,4,0
2/3/2020,Japan,1,0
2/4/2020,Japan,0,0
2/5/2020,Japan,5,0
2/6/2020,Japan,0,0
2/7/2020,Japan,0,0
2/8/2020,Japan,0,0
2/9/2020,Japan,0,0
2/10/2020,Japan,0,0
2/11/2020,Japan,0,0
2/12/2020,Japan,0,0
2/13/2020,Japan,4,1
2/14/2020,Japan,1,0
2/15/2020,Japan,8,0
2/16/2020,Japan,14,0
2/17/2020,Japan,7,0
2/18/2020,Japan,0,0
2/19/2020,Japan,7,0
2/20/2020,Japan,18,0
2/21/2020,Japan,9,0
2/22/2020,Japan,12,0
2/23/2020,Japan,27,0
2/24/2020,Japan,12,0
2/25/2020,Japan,0,0
2/26/2020,Japan,20,0
2/27/2020,Japan,22,2
2/28/2020,Japan,24,0
2/29/2020,Japan,20,0
3/1/2020,Japan,9,2
3/2/2020,Japan,15,1
3/3/2020,Japan,0,0
3/4/2020,Japan,14,0
3/5/2020,Japan,49,0
3/6/2020,Japan,32,0
3/7/2020,Japan,59,0
3/8/2020,Japan,47,0
3/9/2020,Japan,33,1
3/10/2020,Japan,26,2
3/11/2020,Japan,54,3
3/12/2020,Japan,51,3
3/13/2020,Japan,56,4
3/14/2020,Japan,62,2
3/15/2020,Japan,43,1
3/16/2020,Japan,34,2
3/17/2020,Japan,10,4
3/18/2020,Japan,5,0
3/19/2020,Japan,44,1
3/20/2020,Japan,77,4
3/21/2020,Japan,57,2
3/22/2020,Japan,39,1
3/23/2020,Japan,43,5
3/24/2020,Japan,39,1
3/25/2020,Japan,65,1
3/26/2020,Japan,75,2
3/27/2020,Japan,96,1
3/28/2020,Japan,135,3
3/29/2020,Japan,194,3
3/30/2020,Japan,173,2
3/31/2020,Japan,87,2
4/1/2020,Japan,0,0
4/2/2020,Japan,225,1
4/3/2020,Japan,439,6
4/4/2020,Japan,318,6
4/5/2020,Japan,336,1
4/6/2020,Japan,383,3
4/7/2020,Japan,163,7
4/8/2020,Japan,89,0
4/9/2020,Japan,351,1
4/10/2020,Japan,410,4
4/11/2020,Japan,680,3
4/12/2020,Japan,1401,10
4/13/2020,Japan,507,4
4/14/2020,Japan,390,7
4/15/2020,Japan,455,10
4/16/2020,Japan,482,17
4/17/2020,Japan,585,12
4/18/2020,Japan,628,6
4/19/2020,Japan,566,7
4/20/2020,Japan,390,10
12/31/2019,Malaysia,0,0
1/1/2020,Malaysia,0,0
1/2/2020,Malaysia,0,0
1/3/2020,Malaysia,0,0
1/4/2020,Malaysia,0,0
1/5/2020,Malaysia,0,0
1/6/2020,Malaysia,0,0
1/7/2020,Malaysia,0,0
1/8/2020,Malaysia,0,0
1/9/2020,Malaysia,0,0
1/10/2020,Malaysia,0,0
1/11/2020,Malaysia,0,0
1/12/2020,Malaysia,0,0
1/13/2020,Malaysia,0,0
1/14/2020,Malaysia,0,0
1/15/2020,Malaysia,0,0
1/16/2020,Malaysia,0,0
1/17/2020,Malaysia,0,0
1/18/2020,Malaysia,0,0
1/19/2020,Malaysia,0,0
1/20/2020,Malaysia,0,0
1/21/2020,Malaysia,0,0
1/22/2020,Malaysia,0,0
1/23/2020,Malaysia,0,0
1/24/2020,Malaysia,0,0
1/25/2020,Malaysia,3,0
1/26/2020,Malaysia,1,0
1/27/2020,Malaysia,0,0
1/28/2020,Malaysia,0,0
1/29/2020,Malaysia,3,0
1/30/2020,Malaysia,0,0
1/31/2020,Malaysia,1,0
2/1/2020,Malaysia,0,0
2/2/2020,Malaysia,0,0
2/3/2020,Malaysia,0,0
2/4/2020,Malaysia,0,0
2/5/2020,Malaysia,2,0
2/6/2020,Malaysia,2,0
2/7/2020,Malaysia,2,0
2/8/2020,Malaysia,1,0
2/9/2020,Malaysia,1,0
2/10/2020,Malaysia,2,0
2/11/2020,Malaysia,0,0
2/12/2020,Malaysia,0,0
2/13/2020,Malaysia,0,0
2/14/2020,Malaysia,1,0
2/15/2020,Malaysia,2,0
2/16/2020,Malaysia,1,0
2/17/2020,Malaysia,0,0
2/18/2020,Malaysia,0,0
2/19/2020,Malaysia,0,0
2/20/2020,Malaysia,0,0
2/21/2020,Malaysia,0,0
2/22/2020,Malaysia,0,0
2/23/2020,Malaysia,0,0
2/24/2020,Malaysia,0,0
2/25/2020,Malaysia,0,0
2/26/2020,Malaysia,0,0
2/27/2020,Malaysia,0,0
2/28/2020,Malaysia,1,0
2/29/2020,Malaysia,2,0
3/1/2020,Malaysia,0,0
3/2/2020,Malaysia,4,0
3/4/2020,Malaysia,7,0
3/5/2020,Malaysia,14,0
3/6/2020,Malaysia,0,0
3/7/2020,Malaysia,33,0
3/8/2020,Malaysia,10,0
3/9/2020,Malaysia,6,0
3/10/2020,Malaysia,18,0
3/11/2020,Malaysia,12,0
3/12/2020,Malaysia,20,0
3/13/2020,Malaysia,9,0
3/14/2020,Malaysia,39,0
3/15/2020,Malaysia,41,0
3/16/2020,Malaysia,190,0
3/17/2020,Malaysia,125,0
3/18/2020,Malaysia,120,2
3/19/2020,Malaysia,117,0
3/20/2020,Malaysia,110,0
3/21/2020,Malaysia,130,0
3/22/2020,Malaysia,153,2
3/23/2020,Malaysia,123,6
3/24/2020,Malaysia,212,4
3/25/2020,Malaysia,106,1
3/26/2020,Malaysia,172,4
3/27/2020,Malaysia,235,4
3/28/2020,Malaysia,130,3
3/29/2020,Malaysia,159,1
3/30/2020,Malaysia,150,7
3/31/2020,Malaysia,156,3
4/1/2020,Malaysia,140,6
4/2/2020,Malaysia,142,2
4/3/2020,Malaysia,208,5
4/4/2020,Malaysia,217,3
4/5/2020,Malaysia,150,4
4/6/2020,Malaysia,179,4
4/7/2020,Malaysia,131,1
4/8/2020,Malaysia,170,1
4/9/2020,Malaysia,156,2
4/10/2020,Malaysia,109,2
4/11/2020,Malaysia,118,3
4/12/2020,Malaysia,184,3
4/13/2020,Malaysia,153,3
4/14/2020,Malaysia,134,1
4/15/2020,Malaysia,170,5
4/16/2020,Malaysia,85,1
4/17/2020,Malaysia,110,1
4/18/2020,Malaysia,69,2
4/19/2020,Malaysia,54,2
4/20/2020,Malaysia,84,1
12/31/2019,Netherlands,0,0
1/1/2020,Netherlands,0,0
1/2/2020,Netherlands,0,0
1/3/2020,Netherlands,0,0
1/4/2020,Netherlands,0,0
1/5/2020,Netherlands,0,0
1/6/2020,Netherlands,0,0
1/7/2020,Netherlands,0,0
1/8/2020,Netherlands,0,0
1/9/2020,Netherlands,0,0
1/10/2020,Netherlands,0,0
1/11/2020,Netherlands,0,0
1/12/2020,Netherlands,0,0
1/13/2020,Netherlands,0,0
1/14/2020,Netherlands,0,0
1/15/2020,Netherlands,0,0
1/16/2020,Netherlands,0,0
1/17/2020,Netherlands,0,0
1/18/2020,Netherlands,0,0
1/19/2020,Netherlands,0,0
1/20/2020,Netherlands,0,0
1/21/2020,Netherlands,0,0
1/22/2020,Netherlands,0,0
1/23/2020,Netherlands,0,0
1/24/2020,Netherlands,0,0
1/25/2020,Netherlands,0,0
1/26/2020,Netherlands,0,0
1/27/2020,Netherlands,0,0
1/28/2020,Netherlands,0,0
1/29/2020,Netherlands,0,0
1/30/2020,Netherlands,0,0
1/31/2020,Netherlands,0,0
2/1/2020,Netherlands,0,0
2/2/2020,Netherlands,0,0
2/3/2020,Netherlands,0,0
2/4/2020,Netherlands,0,0
2/5/2020,Netherlands,0,0
2/6/2020,Netherlands,0,0
2/7/2020,Netherlands,0,0
2/8/2020,Netherlands,0,0
2/9/2020,Netherlands,0,0
2/10/2020,Netherlands,0,0
2/11/2020,Netherlands,0,0
2/12/2020,Netherlands,0,0
2/13/2020,Netherlands,0,0
2/14/2020,Netherlands,0,0
2/15/2020,Netherlands,0,0
2/16/2020,Netherlands,0,0
2/17/2020,Netherlands,0,0
2/18/2020,Netherlands,0,0
2/19/2020,Netherlands,0,0
2/20/2020,Netherlands,0,0
2/21/2020,Netherlands,0,0
2/22/2020,Netherlands,0,0
2/23/2020,Netherlands,0,0
2/24/2020,Netherlands,0,0
2/25/2020,Netherlands,0,0
2/26/2020,Netherlands,0,0
2/27/2020,Netherlands,0,0
2/28/2020,Netherlands,1,0
2/29/2020,Netherlands,1,0
3/1/2020,Netherlands,5,0
3/2/2020,Netherlands,6,0
3/3/2020,Netherlands,5,0
3/4/2020,Netherlands,10,0
3/5/2020,Netherlands,10,0
3/6/2020,Netherlands,44,0
3/7/2020,Netherlands,46,1
3/8/2020,Netherlands,60,0
3/9/2020,Netherlands,77,2
3/10/2020,Netherlands,56,0
3/11/2020,Netherlands,61,1
3/12/2020,Netherlands,121,1
3/13/2020,Netherlands,111,0
3/14/2020,Netherlands,190,0
3/15/2020,Netherlands,155,7
3/16/2020,Netherlands,176,8
3/17/2020,Netherlands,278,4
3/18/2020,Netherlands,292,19
3/19/2020,Netherlands,346,15
3/20/2020,Netherlands,409,18
3/21/2020,Netherlands,534,30
3/22/2020,Netherlands,637,30
3/23/2020,Netherlands,573,43
3/24/2020,Netherlands,545,34
3/25/2020,Netherlands,811,63
3/26/2020,Netherlands,852,80
3/27/2020,Netherlands,1019,78
3/28/2020,Netherlands,1172,112
3/29/2020,Netherlands,1159,93
3/30/2020,Netherlands,1104,132
3/31/2020,Netherlands,884,93
4/1/2020,Netherlands,845,175
4/2/2020,Netherlands,1019,134
4/3/2020,Netherlands,1083,166
4/4/2020,Netherlands,1026,148
4/5/2020,Netherlands,904,164
4/6/2020,Netherlands,1224,115
4/7/2020,Netherlands,952,101
4/8/2020,Netherlands,777,234
4/9/2020,Netherlands,969,147
4/10/2020,Netherlands,1213,148
4/11/2020,Netherlands,1335,115
4/12/2020,Netherlands,1316,132
4/13/2020,Netherlands,1174,94
4/14/2020,Netherlands,964,86
4/15/2020,Netherlands,868,122
4/16/2020,Netherlands,734,189
4/17/2020,Netherlands,1061,181
4/18/2020,Netherlands,1235,144
4/19/2020,Netherlands,1140,142
4/20/2020,Netherlands,1066,83
12/31/2019,Russia,0,0
1/1/2020,Russia,0,0
1/2/2020,Russia,0,0
1/3/2020,Russia,0,0
1/4/2020,Russia,0,0
1/5/2020,Russia,0,0
1/6/2020,Russia,0,0
1/7/2020,Russia,0,0
1/8/2020,Russia,0,0
1/9/2020,Russia,0,0
1/10/2020,Russia,0,0
1/11/2020,Russia,0,0
1/12/2020,Russia,0,0
1/13/2020,Russia,0,0
1/14/2020,Russia,0,0
1/15/2020,Russia,0,0
1/16/2020,Russia,0,0
1/17/2020,Russia,0,0
1/18/2020,Russia,0,0
1/19/2020,Russia,0,0
1/20/2020,Russia,0,0
1/21/2020,Russia,0,0
1/22/2020,Russia,0,0
1/23/2020,Russia,0,0
1/24/2020,Russia,0,0
1/25/2020,Russia,0,0
1/26/2020,Russia,0,0
1/27/2020,Russia,0,0
1/28/2020,Russia,0,0
1/29/2020,Russia,0,0
1/30/2020,Russia,0,0
1/31/2020,Russia,0,0
2/1/2020,Russia,2,0
2/2/2020,Russia,0,0
2/3/2020,Russia,0,0
2/4/2020,Russia,0,0
2/5/2020,Russia,0,0
2/6/2020,Russia,0,0
2/7/2020,Russia,0,0
2/8/2020,Russia,0,0
2/9/2020,Russia,0,0
2/10/2020,Russia,0,0
2/11/2020,Russia,0,0
2/12/2020,Russia,0,0
2/13/2020,Russia,0,0
2/14/2020,Russia,0,0
2/15/2020,Russia,0,0
2/16/2020,Russia,0,0
2/17/2020,Russia,0,0
2/18/2020,Russia,0,0
2/19/2020,Russia,0,0
2/20/2020,Russia,0,0
2/21/2020,Russia,0,0
2/22/2020,Russia,0,0
2/23/2020,Russia,0,0
2/24/2020,Russia,0,0
2/25/2020,Russia,0,0
2/26/2020,Russia,0,0
2/27/2020,Russia,0,0
2/28/2020,Russia,0,0
2/29/2020,Russia,0,0
3/1/2020,Russia,0,0
3/2/2020,Russia,0,0
3/3/2020,Russia,1,0
3/4/2020,Russia,1,0
3/5/2020,Russia,0,0
3/6/2020,Russia,0,0
3/7/2020,Russia,6,0
3/8/2020,Russia,0,0
3/9/2020,Russia,0,0
3/10/2020,Russia,0,0
3/11/2020,Russia,0,0
3/12/2020,Russia,15,0
3/13/2020,Russia,5,0
3/14/2020,Russia,15,0
3/15/2020,Russia,14,0
3/16/2020,Russia,4,0
3/17/2020,Russia,30,0
3/18/2020,Russia,21,0
3/19/2020,Russia,33,0
3/20/2020,Russia,52,0
3/21/2020,Russia,54,0
3/22/2020,Russia,53,0
3/23/2020,Russia,132,0
3/24/2020,Russia,0,0
3/25/2020,Russia,57,0
3/26/2020,Russia,163,0
3/27/2020,Russia,182,2
3/28/2020,Russia,196,2
3/29/2020,Russia,228,1
3/30/2020,Russia,270,3
3/31/2020,Russia,302,2
4/1/2020,Russia,501,7
4/2/2020,Russia,440,7
4/3/2020,Russia,771,6
4/4/2020,Russia,601,4
4/5/2020,Russia,582,9
4/6/2020,Russia,658,2
4/7/2020,Russia,954,2
4/8/2020,Russia,1154,11
4/9/2020,Russia,1175,5
4/10/2020,Russia,1459,13
4/11/2020,Russia,1786,18
4/12/2020,Russia,1667,12
4/13/2020,Russia,2186,24
4/14/2020,Russia,2558,18
4/15/2020,Russia,2774,22
4/16/2020,Russia,3388,28
4/17/2020,Russia,3448,34
4/18/2020,Russia,4070,41
4/19/2020,Russia,4785,40
4/20/2020,Russia,6060,48
12/31/2019,Singapore,0,0
1/1/2020,Singapore,0,0
1/2/2020,Singapore,0,0
1/3/2020,Singapore,0,0
1/4/2020,Singapore,0,0
1/5/2020,Singapore,0,0
1/6/2020,Singapore,0,0
1/7/2020,Singapore,0,0
1/8/2020,Singapore,0,0
1/9/2020,Singapore,0,0
1/10/2020,Singapore,0,0
1/11/2020,Singapore,0,0
1/12/2020,Singapore,0,0
1/13/2020,Singapore,0,0
1/14/2020,Singapore,0,0
1/15/2020,Singapore,0,0
1/16/2020,Singapore,0,0
1/17/2020,Singapore,0,0
1/18/2020,Singapore,0,0
1/19/2020,Singapore,0,0
1/20/2020,Singapore,0,0
1/21/2020,Singapore,0,0
1/22/2020,Singapore,0,0
1/23/2020,Singapore,0,0
1/24/2020,Singapore,3,0
1/25/2020,Singapore,0,0
1/26/2020,Singapore,1,0
1/27/2020,Singapore,0,0
1/28/2020,Singapore,1,0
1/29/2020,Singapore,2,0
1/30/2020,Singapore,3,0
1/31/2020,Singapore,3,0
2/1/2020,Singapore,3,0
2/2/2020,Singapore,2,0
2/3/2020,Singapore,0,0
2/4/2020,Singapore,0,0
2/5/2020,Singapore,6,0
2/6/2020,Singapore,4,0
2/7/2020,Singapore,2,0
2/8/2020,Singapore,3,0
2/9/2020,Singapore,7,0
2/10/2020,Singapore,3,0
2/11/2020,Singapore,2,0
2/12/2020,Singapore,2,0
2/13/2020,Singapore,3,0
2/14/2020,Singapore,8,0
2/15/2020,Singapore,9,0
2/16/2020,Singapore,5,0
2/17/2020,Singapore,3,0
2/18/2020,Singapore,2,0
2/19/2020,Singapore,4,0
2/20/2020,Singapore,3,0
2/21/2020,Singapore,1,0
2/22/2020,Singapore,1,0
2/23/2020,Singapore,3,0
2/24/2020,Singapore,0,0
2/25/2020,Singapore,1,0
2/26/2020,Singapore,1,0
2/27/2020,Singapore,2,0
2/28/2020,Singapore,3,0
2/29/2020,Singapore,2,0
3/1/2020,Singapore,4,0
3/2/2020,Singapore,4,0
3/3/2020,Singapore,2,0
3/4/2020,Singapore,2,0
3/5/2020,Singapore,2,0
3/6/2020,Singapore,5,0
3/7/2020,Singapore,13,0
3/8/2020,Singapore,8,0
3/9/2020,Singapore,12,0
3/10/2020,Singapore,10,0
3/11/2020,Singapore,6,0
3/12/2020,Singapore,12,0
3/13/2020,Singapore,9,0
3/14/2020,Singapore,13,0
3/15/2020,Singapore,14,0
3/16/2020,Singapore,12,0
3/17/2020,Singapore,17,0
3/18/2020,Singapore,23,0
3/19/2020,Singapore,47,0
3/20/2020,Singapore,32,0
3/21/2020,Singapore,40,0
3/22/2020,Singapore,47,2
3/23/2020,Singapore,23,0
3/24/2020,Singapore,54,0
3/25/2020,Singapore,49,0
3/26/2020,Singapore,10,0
3/27/2020,Singapore,26,0
3/28/2020,Singapore,138,0
3/29/2020,Singapore,71,1
3/30/2020,Singapore,41,0
3/31/2020,Singapore,0,0
4/1/2020,Singapore,35,0
4/2/2020,Singapore,121,1
4/3/2020,Singapore,49,1
4/4/2020,Singapore,65,0
4/5/2020,Singapore,75,1
4/6/2020,Singapore,120,0
4/7/2020,Singapore,66,0
4/8/2020,Singapore,106,0
4/9/2020,Singapore,142,0
4/10/2020,Singapore,286,0
4/11/2020,Singapore,0,0
4/12/2020,Singapore,390,2
4/13/2020,Singapore,233,0
4/14/2020,Singapore,386,1
4/15/2020,Singapore,334,1
4/16/2020,Singapore,447,0
4/17/2020,Singapore,728,0
4/18/2020,Singapore,623,1
4/19/2020,Singapore,942,0
4/20/2020,Singapore,596,0
12/31/2019,South Korea,0,0
1/1/2020,South Korea,0,0
1/2/2020,South Korea,0,0
1/3/2020,South Korea,0,0
1/4/2020,South Korea,0,0
1/5/2020,South Korea,0,0
1/6/2020,South Korea,0,0
1/7/2020,South Korea,0,0
1/8/2020,South Korea,0,0
1/9/2020,South Korea,0,0
1/10/2020,South Korea,0,0
1/11/2020,South Korea,0,0
1/12/2020,South Korea,0,0
1/13/2020,South Korea,0,0
1/14/2020,South Korea,0,0
1/15/2020,South Korea,0,0
1/16/2020,South Korea,0,0
1/17/2020,South Korea,0,0
1/18/2020,South Korea,0,0
1/19/2020,South Korea,0,0
1/20/2020,South Korea,1,0
1/21/2020,South Korea,0,0
1/22/2020,South Korea,0,0
1/23/2020,South Korea,0,0
1/24/2020,South Korea,1,0
1/25/2020,South Korea,0,0
1/26/2020,South Korea,1,0
1/27/2020,South Korea,1,0
1/28/2020,South Korea,0,0
1/29/2020,South Korea,0,0
1/30/2020,South Korea,0,0
1/31/2020,South Korea,3,0
2/1/2020,South Korea,5,0
2/2/2020,South Korea,3,0
2/3/2020,South Korea,0,0
2/4/2020,South Korea,1,0
2/5/2020,South Korea,2,0
2/6/2020,South Korea,5,0
2/7/2020,South Korea,1,0
2/8/2020,South Korea,0,0
2/9/2020,South Korea,1,0
2/10/2020,South Korea,2,0
2/11/2020,South Korea,1,0
2/12/2020,South Korea,0,0
2/13/2020,South Korea,0,0
2/14/2020,South Korea,0,0
2/15/2020,South Korea,0,0
2/16/2020,South Korea,1,0
2/17/2020,South Korea,1,0
2/18/2020,South Korea,1,0
2/19/2020,South Korea,15,0
2/20/2020,South Korea,34,0
2/21/2020,South Korea,75,1
2/22/2020,South Korea,190,1
2/23/2020,South Korea,256,3
2/24/2020,South Korea,161,2
2/25/2020,South Korea,130,1
2/26/2020,South Korea,254,3
2/27/2020,South Korea,449,1
2/28/2020,South Korea,427,1
2/29/2020,South Korea,909,3
3/1/2020,South Korea,595,1
3/2/2020,South Korea,686,5
3/3/2020,South Korea,600,6
3/4/2020,South Korea,516,4
3/5/2020,South Korea,438,3
3/6/2020,South Korea,518,7
3/7/2020,South Korea,483,2
3/8/2020,South Korea,367,6
3/9/2020,South Korea,248,1
3/10/2020,South Korea,131,3
3/11/2020,South Korea,242,6
3/12/2020,South Korea,114,6
3/13/2020,South Korea,110,1
3/14/2020,South Korea,107,5
3/15/2020,South Korea,76,3
3/16/2020,South Korea,74,0
3/17/2020,South Korea,84,6
3/18/2020,South Korea,93,5
3/19/2020,South Korea,152,5
3/20/2020,South Korea,87,9
3/21/2020,South Korea,147,3
3/22/2020,South Korea,98,1
3/23/2020,South Korea,64,9
3/24/2020,South Korea,76,7
3/25/2020,South Korea,100,6
3/26/2020,South Korea,104,5
3/27/2020,South Korea,91,8
3/28/2020,South Korea,146,5
3/29/2020,South Korea,105,8
3/30/2020,South Korea,78,6
3/31/2020,South Korea,125,5
4/1/2020,South Korea,0,0
4/2/2020,South Korea,190,6
4/3/2020,South Korea,86,5
4/4/2020,South Korea,94,3
4/5/2020,South Korea,81,6
4/6/2020,South Korea,47,3
4/7/2020,South Korea,47,6
4/8/2020,South Korea,53,8
4/9/2020,South Korea,39,4
4/10/2020,South Korea,27,4
4/11/2020,South Korea,0,0
4/12/2020,South Korea,62,6
4/13/2020,South Korea,25,3
4/14/2020,South Korea,27,5
4/15/2020,South Korea,27,3
4/16/2020,South Korea,22,4
4/17/2020,South Korea,22,1
4/18/2020,South Korea,18,2
4/19/2020,South Korea,8,2
4/20/2020,South Korea,13,2
12/31/2019,Spain,0,0
1/1/2020,Spain,0,0
1/2/2020,Spain,0,0
1/3/2020,Spain,0,0
1/4/2020,Spain,0,0
1/5/2020,Spain,0,0
1/6/2020,Spain,0,0
1/7/2020,Spain,0,0
1/8/2020,Spain,0,0
1/9/2020,Spain,0,0
1/10/2020,Spain,0,0
1/11/2020,Spain,0,0
1/12/2020,Spain,0,0
1/13/2020,Spain,0,0
1/14/2020,Spain,0,0
1/15/2020,Spain,0,0
1/16/2020,Spain,0,0
1/17/2020,Spain,0,0
1/18/2020,Spain,0,0
1/19/2020,Spain,0,0
1/20/2020,Spain,0,0
1/21/2020,Spain,0,0
1/22/2020,Spain,0,0
1/23/2020,Spain,0,0
1/24/2020,Spain,0,0
1/25/2020,Spain,0,0
1/26/2020,Spain,0,0
1/27/2020,Spain,0,0
1/28/2020,Spain,0,0
1/29/2020,Spain,0,0
1/30/2020,Spain,0,0
1/31/2020,Spain,0,0
2/1/2020,Spain,1,0
2/2/2020,Spain,0,0
2/3/2020,Spain,0,0
2/4/2020,Spain,0,0
2/5/2020,Spain,0,0
2/6/2020,Spain,0,0
2/7/2020,Spain,0,0
2/8/2020,Spain,0,0
2/9/2020,Spain,0,0
2/10/2020,Spain,1,0
2/11/2020,Spain,0,0
2/12/2020,Spain,0,0
2/13/2020,Spain,0,0
2/14/2020,Spain,0,0
2/15/2020,Spain,0,0
2/16/2020,Spain,0,0
2/17/2020,Spain,0,0
2/18/2020,Spain,0,0
2/19/2020,Spain,0,0
2/20/2020,Spain,0,0
2/21/2020,Spain,0,0
2/22/2020,Spain,0,0
2/23/2020,Spain,0,0
2/24/2020,Spain,0,0
2/25/2020,Spain,1,0
2/26/2020,Spain,4,0
2/27/2020,Spain,5,0
2/28/2020,Spain,13,0
2/29/2020,Spain,9,0
3/1/2020,Spain,32,0
3/2/2020,Spain,17,0
3/3/2020,Spain,31,0
3/4/2020,Spain,37,0
3/5/2020,Spain,49,1
3/6/2020,Spain,61,2
3/7/2020,Spain,113,2
3/8/2020,Spain,56,0
3/9/2020,Spain,159,0
3/10/2020,Spain,615,23
3/11/2020,Spain,435,7
3/12/2020,Spain,501,12
3/13/2020,Spain,864,37
3/14/2020,Spain,1227,37
3/15/2020,Spain,1522,15
3/16/2020,Spain,2000,152
3/17/2020,Spain,1438,21
3/18/2020,Spain,1987,182
3/19/2020,Spain,2538,107
3/20/2020,Spain,3431,169
3/21/2020,Spain,2833,235
3/22/2020,Spain,4946,324
3/23/2020,Spain,3646,394
3/24/2020,Spain,4517,462
3/25/2020,Spain,6584,514
3/26/2020,Spain,7937,738
3/27/2020,Spain,8578,655
3/28/2020,Spain,7871,769
3/29/2020,Spain,8189,832
3/30/2020,Spain,6549,838
3/31/2020,Spain,6398,812
4/1/2020,Spain,9222,849
4/2/2020,Spain,7719,864
4/3/2020,Spain,8102,950
4/4/2020,Spain,7472,932
4/5/2020,Spain,7026,809
4/6/2020,Spain,6023,674
4/7/2020,Spain,4273,637
4/8/2020,Spain,5478,743
4/9/2020,Spain,6180,757
4/10/2020,Spain,5756,683
4/11/2020,Spain,4576,605
4/12/2020,Spain,4830,510
4/13/2020,Spain,4167,619
4/14/2020,Spain,3477,517
4/15/2020,Spain,3045,567
4/16/2020,Spain,5092,523
4/17/2020,Spain,5183,551
4/18/2020,Spain,5252,348
4/19/2020,Spain,3658,565
4/20/2020,Spain,4218,410
12/31/2019,Taiwan,0,0
1/1/2020,Taiwan,0,0
1/2/2020,Taiwan,0,0
1/3/2020,Taiwan,0,0
1/4/2020,Taiwan,0,0
1/5/2020,Taiwan,0,0
1/6/2020,Taiwan,0,0
1/7/2020,Taiwan,0,0
1/8/2020,Taiwan,0,0
1/9/2020,Taiwan,0,0
1/10/2020,Taiwan,0,0
1/11/2020,Taiwan,0,0
1/12/2020,Taiwan,0,0
1/13/2020,Taiwan,0,0
1/14/2020,Taiwan,0,0
1/15/2020,Taiwan,0,0
1/16/2020,Taiwan,0,0
1/17/2020,Taiwan,0,0
1/18/2020,Taiwan,0,0
1/19/2020,Taiwan,0,0
1/20/2020,Taiwan,0,0
1/21/2020,Taiwan,1,0
1/22/2020,Taiwan,0,0
1/23/2020,Taiwan,0,0
1/24/2020,Taiwan,0,0
1/25/2020,Taiwan,2,0
1/26/2020,Taiwan,0,0
1/27/2020,Taiwan,2,0
1/28/2020,Taiwan,2,0
1/29/2020,Taiwan,1,0
1/30/2020,Taiwan,0,0
1/31/2020,Taiwan,1,0
2/1/2020,Taiwan,1,0
2/2/2020,Taiwan,0,0
2/3/2020,Taiwan,0,0
2/4/2020,Taiwan,0,0
2/5/2020,Taiwan,1,0
2/6/2020,Taiwan,0,0
2/7/2020,Taiwan,5,0
2/8/2020,Taiwan,1,0
2/9/2020,Taiwan,1,0
2/10/2020,Taiwan,0,0
2/11/2020,Taiwan,0,0
2/12/2020,Taiwan,0,0
2/13/2020,Taiwan,0,0
2/14/2020,Taiwan,0,0
2/15/2020,Taiwan,0,0
2/16/2020,Taiwan,0,0
2/17/2020,Taiwan,2,1
2/18/2020,Taiwan,2,0
2/19/2020,Taiwan,0,0
2/20/2020,Taiwan,2,0
2/21/2020,Taiwan,0,0
2/22/2020,Taiwan,2,0
2/23/2020,Taiwan,0,0
2/24/2020,Taiwan,2,0
2/25/2020,Taiwan,2,0
2/26/2020,Taiwan,1,0
2/27/2020,Taiwan,1,0
2/28/2020,Taiwan,2,0
2/29/2020,Taiwan,5,0
3/1/2020,Taiwan,1,0
3/2/2020,Taiwan,0,0
3/3/2020,Taiwan,1,0
3/4/2020,Taiwan,1,0
3/6/2020,Taiwan,2,0
3/7/2020,Taiwan,1,0
3/8/2020,Taiwan,0,0
3/9/2020,Taiwan,0,0
3/11/2020,Taiwan,3,0
3/12/2020,Taiwan,0,0
3/13/2020,Taiwan,1,0
3/14/2020,Taiwan,4,0
3/15/2020,Taiwan,6,0
3/16/2020,Taiwan,0,0
3/17/2020,Taiwan,8,0
3/18/2020,Taiwan,10,0
3/19/2020,Taiwan,31,0
3/20/2020,Taiwan,0,0
3/21/2020,Taiwan,27,1
3/22/2020,Taiwan,18,0
3/23/2020,Taiwan,12,0
3/24/2020,Taiwan,30,0
3/25/2020,Taiwan,21,0
3/26/2020,Taiwan,19,0
3/27/2020,Taiwan,17,0
3/28/2020,Taiwan,15,0
3/29/2020,Taiwan,16,0
3/30/2020,Taiwan,23,3
3/31/2020,Taiwan,0,0
4/1/2020,Taiwan,16,0
4/2/2020,Taiwan,17,0
4/3/2020,Taiwan,0,0
4/4/2020,Taiwan,16,0
4/5/2020,Taiwan,8,0
4/6/2020,Taiwan,0,0
4/7/2020,Taiwan,10,0
4/8/2020,Taiwan,3,0
4/9/2020,Taiwan,3,0
4/10/2020,Taiwan,1,0
4/11/2020,Taiwan,0,0
4/12/2020,Taiwan,5,1
4/13/2020,Taiwan,3,0
4/14/2020,Taiwan,5,0
4/15/2020,Taiwan,2,0
4/16/2020,Taiwan,0,0
4/17/2020,Taiwan,0,0
4/18/2020,Taiwan,0,0
4/19/2020,Taiwan,3,0
4/20/2020,Taiwan,22,0
12/31/2019,Thailand,0,0
1/1/2020,Thailand,0,0
1/2/2020,Thailand,0,0
1/3/2020,Thailand,0,0
1/4/2020,Thailand,0,0
1/5/2020,Thailand,0,0
1/6/2020,Thailand,0,0
1/7/2020,Thailand,0,0
1/8/2020,Thailand,0,0
1/9/2020,Thailand,0,0
1/10/2020,Thailand,0,0
1/11/2020,Thailand,0,0
1/12/2020,Thailand,0,0
1/13/2020,Thailand,1,0
1/14/2020,Thailand,0,0
1/15/2020,Thailand,0,0
1/16/2020,Thailand,0,0
1/17/2020,Thailand,1,0
1/18/2020,Thailand,0,0
1/19/2020,Thailand,0,0
1/20/2020,Thailand,0,0
1/21/2020,Thailand,0,0
1/22/2020,Thailand,2,0
1/23/2020,Thailand,0,0
1/24/2020,Thailand,0,0
1/25/2020,Thailand,1,0
1/26/2020,Thailand,0,0
1/27/2020,Thailand,3,0
1/28/2020,Thailand,6,0
1/29/2020,Thailand,0,0
1/30/2020,Thailand,0,0
1/31/2020,Thailand,0,0
2/1/2020,Thailand,5,0
2/2/2020,Thailand,0,0
2/3/2020,Thailand,0,0
2/4/2020,Thailand,0,0
2/5/2020,Thailand,6,0
2/6/2020,Thailand,0,0
2/7/2020,Thailand,0,0
2/8/2020,Thailand,7,0
2/9/2020,Thailand,0,0
2/10/2020,Thailand,0,0
2/11/2020,Thailand,0,0
2/12/2020,Thailand,1,0
2/13/2020,Thailand,0,0
2/14/2020,Thailand,0,0
2/15/2020,Thailand,1,0
2/16/2020,Thailand,0,0
2/17/2020,Thailand,0,0
2/18/2020,Thailand,1,0
2/19/2020,Thailand,0,0
2/20/2020,Thailand,0,0
2/21/2020,Thailand,0,0
2/22/2020,Thailand,0,0
2/23/2020,Thailand,0,0
2/24/2020,Thailand,0,0
2/25/2020,Thailand,2,0
2/26/2020,Thailand,3,0
2/27/2020,Thailand,0,0
2/28/2020,Thailand,0,0
2/29/2020,Thailand,2,0
3/1/2020,Thailand,0,1
3/2/2020,Thailand,1,0
3/5/2020,Thailand,4,0
3/7/2020,Thailand,3,0
3/11/2020,Thailand,9,0
3/12/2020,Thailand,11,0
3/14/2020,Thailand,12,0
3/15/2020,Thailand,0,0
3/16/2020,Thailand,32,0
3/17/2020,Thailand,63,0
3/18/2020,Thailand,0,0
3/19/2020,Thailand,0,0
3/20/2020,Thailand,35,0
3/21/2020,Thailand,154,0
3/22/2020,Thailand,233,0
3/23/2020,Thailand,122,0
3/24/2020,Thailand,106,3
3/25/2020,Thailand,107,0
3/26/2020,Thailand,111,0
3/27/2020,Thailand,91,1
3/28/2020,Thailand,0,0
3/29/2020,Thailand,109,1
3/30/2020,Thailand,143,1
3/31/2020,Thailand,263,3
4/1/2020,Thailand,0,0
4/2/2020,Thailand,120,2
4/3/2020,Thailand,104,3
4/4/2020,Thailand,103,4
4/5/2020,Thailand,191,4
4/6/2020,Thailand,51,3
4/7/2020,Thailand,38,0
4/8/2020,Thailand,111,4
4/9/2020,Thailand,54,2
4/10/2020,Thailand,50,1
4/11/2020,Thailand,45,2
4/12/2020,Thailand,33,3
4/13/2020,Thailand,28,2
4/14/2020,Thailand,34,1
4/15/2020,Thailand,30,2
4/16/2020,Thailand,29,3
4/17/2020,Thailand,28,1
4/18/2020,Thailand,0,0
4/19/2020,Thailand,33,0
4/20/2020,Thailand,32,0
12/31/2019,United States,0,0
1/1/2020,United States,0,0
1/2/2020,United States,0,0
1/3/2020,United States,0,0
1/4/2020,United States,0,0
1/5/2020,United States,0,0
1/6/2020,United States,0,0
1/7/2020,United States,0,0
1/8/2020,United States,0,0
1/9/2020,United States,0,0
1/10/2020,United States,0,0
1/11/2020,United States,0,0
1/12/2020,United States,0,0
1/13/2020,United States,0,0
1/14/2020,United States,0,0
1/15/2020,United States,0,0
1/16/2020,United States,0,0
1/17/2020,United States,0,0
1/18/2020,United States,0,0
1/19/2020,United States,0,0
1/20/2020,United States,0,0
1/21/2020,United States,1,0
1/22/2020,United States,0,0
1/23/2020,United States,0,0
1/24/2020,United States,0,0
1/25/2020,United States,1,0
1/26/2020,United States,0,0
1/27/2020,United States,3,0
1/28/2020,United States,0,0
1/29/2020,United States,0,0
1/30/2020,United States,0,0
1/31/2020,United States,1,0
2/1/2020,United States,1,0
2/2/2020,United States,1,0
2/3/2020,United States,3,0
2/4/2020,United States,0,0
2/5/2020,United States,0,0
2/6/2020,United States,1,0
2/7/2020,United States,0,0
2/8/2020,United States,0,0
2/9/2020,United States,0,0
2/10/2020,United States,0,0
2/11/2020,United States,1,0
2/12/2020,United States,0,0
2/13/2020,United States,1,0
2/14/2020,United States,1,0
2/15/2020,United States,0,0
2/16/2020,United States,0,0
2/17/2020,United States,0,0
2/18/2020,United States,0,0
2/19/2020,United States,0,0
2/20/2020,United States,0,0
2/21/2020,United States,1,0
2/22/2020,United States,19,0
2/23/2020,United States,0,0
2/24/2020,United States,0,0
2/25/2020,United States,18,0
2/26/2020,United States,0,0
2/27/2020,United States,6,0
2/28/2020,United States,1,0
2/29/2020,United States,6,0
3/1/2020,United States,3,1
3/2/2020,United States,20,1
3/3/2020,United States,14,4
3/4/2020,United States,22,3
3/5/2020,United States,34,2
3/6/2020,United States,74,1
3/7/2020,United States,105,2
3/8/2020,United States,95,3
3/9/2020,United States,121,4
3/10/2020,United States,200,5
3/11/2020,United States,271,2
3/12/2020,United States,287,2
3/13/2020,United States,351,10
3/14/2020,United States,511,7
3/15/2020,United States,777,10
3/16/2020,United States,823,12
3/17/2020,United States,887,16
3/18/2020,United States,1766,23
3/19/2020,United States,2988,42
3/20/2020,United States,4835,0
3/21/2020,United States,5374,110
3/22/2020,United States,7123,80
3/23/2020,United States,8459,131
3/24/2020,United States,11236,119
3/25/2020,United States,8789,211
3/26/2020,United States,13963,249
3/27/2020,United States,16797,246
3/28/2020,United States,18695,411
3/29/2020,United States,19979,484
3/30/2020,United States,18360,318
3/31/2020,United States,21595,661
4/1/2020,United States,24998,909
4/2/2020,United States,27103,1059
4/3/2020,United States,28819,915
4/4/2020,United States,32425,1104
4/5/2020,United States,34272,1344
4/6/2020,United States,25398,1146
4/7/2020,United States,30561,1342
4/8/2020,United States,30613,1906
4/9/2020,United States,33323,1922
4/10/2020,United States,33901,1873
4/11/2020,United States,35527,2087
4/12/2020,United States,28391,1831
4/13/2020,United States,27620,1500
4/14/2020,United States,25023,1541
4/15/2020,United States,26922,2408
4/16/2020,United States,30148,4928
4/17/2020,United States,31667,2299
4/18/2020,United States,30833,3770
4/19/2020,United States,32922,1856
4/20/2020,United States,24601,1772
12/31/2019,Vietnam,0,0
1/1/2020,Vietnam,0,0
1/2/2020,Vietnam,0,0
1/3/2020,Vietnam,0,0
1/4/2020,Vietnam,0,0
1/5/2020,Vietnam,0,0
1/6/2020,Vietnam,0,0
1/7/2020,Vietnam,0,0
1/8/2020,Vietnam,0,0
1/9/2020,Vietnam,0,0
1/10/2020,Vietnam,0,0
1/11/2020,Vietnam,0,0
1/12/2020,Vietnam,0,0
1/13/2020,Vietnam,0,0
1/14/2020,Vietnam,0,0
1/15/2020,Vietnam,0,0
1/16/2020,Vietnam,0,0
1/17/2020,Vietnam,0,0
1/18/2020,Vietnam,0,0
1/19/2020,Vietnam,0,0
1/20/2020,Vietnam,0,0
1/21/2020,Vietnam,0,0
1/22/2020,Vietnam,0,0
1/23/2020,Vietnam,0,0
1/24/2020,Vietnam,2,0
1/25/2020,Vietnam,0,0
1/26/2020,Vietnam,0,0
1/27/2020,Vietnam,0,0
1/28/2020,Vietnam,0,0
1/29/2020,Vietnam,0,0
1/30/2020,Vietnam,0,0
1/31/2020,Vietnam,3,0
2/1/2020,Vietnam,0,0
2/2/2020,Vietnam,2,0
2/3/2020,Vietnam,1,0
2/4/2020,Vietnam,1,0
2/5/2020,Vietnam,1,0
2/6/2020,Vietnam,0,0
2/7/2020,Vietnam,2,0
2/8/2020,Vietnam,1,0
2/9/2020,Vietnam,1,0
2/10/2020,Vietnam,0,0
2/11/2020,Vietnam,1,0
2/12/2020,Vietnam,0,0
2/13/2020,Vietnam,1,0
2/14/2020,Vietnam,0,0
2/15/2020,Vietnam,0,0
2/16/2020,Vietnam,0,0
2/17/2020,Vietnam,0,0
2/18/2020,Vietnam,0,0
2/19/2020,Vietnam,0,0
2/20/2020,Vietnam,0,0
2/21/2020,Vietnam,0,0
2/22/2020,Vietnam,0,0
2/23/2020,Vietnam,0,0
2/24/2020,Vietnam,0,0
2/25/2020,Vietnam,0,0
2/26/2020,Vietnam,0,0
2/27/2020,Vietnam,0,0
2/28/2020,Vietnam,0,0
2/29/2020,Vietnam,0,0
3/1/2020,Vietnam,0,0
3/2/2020,Vietnam,0,0
3/7/2020,Vietnam,1,0
3/8/2020,Vietnam,4,0
3/9/2020,Vietnam,9,0
3/10/2020,Vietnam,1,0
3/11/2020,Vietnam,4,0
3/12/2020,Vietnam,4,0
3/13/2020,Vietnam,5,0
3/14/2020,Vietnam,5,0
3/15/2020,Vietnam,4,0
3/16/2020,Vietnam,4,0
3/17/2020,Vietnam,4,0
3/18/2020,Vietnam,0,0
3/19/2020,Vietnam,15,0
3/20/2020,Vietnam,9,0
3/21/2020,Vietnam,2,0
3/22/2020,Vietnam,7,0
3/23/2020,Vietnam,24,0
3/24/2020,Vietnam,5,0
3/25/2020,Vietnam,11,0
3/26/2020,Vietnam,14,0
3/27/2020,Vietnam,5,0
3/28/2020,Vietnam,16,0
3/29/2020,Vietnam,54,0
3/30/2020,Vietnam,5,0
3/31/2020,Vietnam,1,0
4/1/2020,Vietnam,0,0
4/2/2020,Vietnam,6,0
4/3/2020,Vietnam,4,0
4/4/2020,Vietnam,0,0
4/5/2020,Vietnam,1,0
4/6/2020,Vietnam,1,0
4/7/2020,Vietnam,4,0
4/8/2020,Vietnam,6,0
4/9/2020,Vietnam,0,0
4/10/2020,Vietnam,4,0
4/11/2020,Vietnam,2,0
4/12/2020,Vietnam,1,0
4/13/2020,Vietnam,4,0
4/14/2020,Vietnam,3,0
4/15/2020,Vietnam,9,0
4/16/2020,Vietnam,1,0
4/17/2020,Vietnam,0,0
4/18/2020,Vietnam,1,0
4/19/2020,Vietnam,0,0
4/20/2020,Vietnam,0,0
